CLUPA_POLICY_ID,PARK_ADMIN_ZONE_NAME_ENG,PARK_ADMIN_ZONE_NAME_FR,EFFECTIVE_DATETIME,SYSTEM_DATETIME,OBJECTID
121073112,Northeast,Nord-est,2018/02/06 14:43:54+00,2018/02/06 23:27:15+00,17789
70758630,Southeast,Sud-ouest,2011/03/23 09:51:07+00,2018/09/12 22:27:15+00,18119
205001083,Northwest,Nord-ouest,2006/03/27 11:45:00+00,2017/07/17 23:02:15+00,17549
205001079,Northwest,Nord-ouest,2006/03/27 11:45:00+00,2016/06/02 22:57:35+00,16811
205000956,Northeast,Nord-est,2006/03/27 11:45:00+00,2017/07/13 22:52:15+00,17329
205000506,Northwest,Nord-ouest,2009/09/28 13:57:33+00,2020/08/13 22:21:56+00,19499
70757845,Southeast,Sud-ouest,2011/03/21 14:46:42+00,2017/03/07 23:17:15+00,17210
125087388,Southeast,Sud-est,2019/01/08 13:47:22+00,2019/01/09 02:42:15+00,18190
205001010,Northeast,Nord-est,2006/03/27 11:45:00+00,2017/07/13 22:52:15+00,17330
205000998,Northeast,Nord-est,2006/03/27 11:45:00+00,2017/07/13 22:52:15+00,17331
205000969,Northeast,Nord-est,2006/03/27 11:45:00+00,2017/07/13 22:52:15+00,17332
205000984,Northeast,Nord-est,2006/03/27 11:45:00+00,2017/07/13 22:52:15+00,17333
205000978,Northeast,Nord-est,2006/03/27 11:45:00+00,2017/07/13 22:52:15+00,17334
205000972,Northeast,Nord-est,2006/03/27 11:45:00+00,2017/07/13 22:52:15+00,17335
205001004,Northeast,Nord-est,2006/03/27 11:45:00+00,2017/07/13 22:52:15+00,17336
205000983,Northeast,Nord-est,2006/03/27 11:45:00+00,2017/07/13 22:52:15+00,17337
205000981,Northeast,Nord-est,2006/03/27 11:45:00+00,2017/07/13 22:52:15+00,17338
205000955,Northeast,Nord-est,2006/03/27 11:45:00+00,2017/07/13 22:52:15+00,17339
205000985,Northeast,Nord-est,2006/03/27 11:45:00+00,2017/07/13 22:52:15+00,17340
205000215,Northwest,Nord-ouest,2009/03/09 15:12:47+00,2020/08/13 22:21:56+00,19355
205000992,Northeast,Nord-est,2006/03/27 11:45:00+00,2017/07/13 22:52:15+00,17342
205000991,Northeast,Nord-est,2006/03/27 11:45:00+00,2017/07/13 22:52:15+00,17343
205001003,Northeast,Nord-est,2006/03/27 11:45:00+00,2017/07/13 22:52:15+00,17344
205000960,Central,Centre,2006/03/27 11:45:00+00,2017/07/13 22:52:15+00,17345
205001001,Northeast,Nord-est,2006/03/27 11:45:00+00,2017/07/13 22:52:15+00,17346
205000970,Northeast,Nord-est,2006/03/27 11:45:00+00,2017/07/13 22:52:15+00,17347
205000976,Northeast,Nord-est,2006/03/27 11:45:00+00,2017/07/13 22:52:15+00,17348
205000975,Northeast,Nord-est,2006/03/27 11:45:00+00,2017/07/13 22:52:15+00,17349
205000997,Northeast,Nord-est,2006/03/27 11:45:00+00,2017/07/13 22:52:15+00,17350
205000959,Northeast,Nord-est,2006/03/27 11:45:00+00,2017/07/13 22:52:15+00,17351
205001092,Northeast,Nord-est,2006/03/27 11:45:00+00,2017/07/17 23:02:15+00,17550
205000967,Northeast,Nord-est,2006/03/27 11:45:00+00,2017/07/13 22:52:15+00,17352
205000994,Northeast,Nord-est,2006/03/27 11:45:00+00,2017/07/13 22:52:15+00,17353
205000963,Central,Centre,2006/03/27 11:45:00+00,2017/07/13 22:52:15+00,17354
205000986,Northeast,Nord-est,2006/03/27 11:45:00+00,2017/07/13 22:52:15+00,17355
205000214,Northwest,Nord-ouest,2009/03/09 15:11:52+00,2020/08/13 22:21:56+00,19356
205001000,Northeast,Nord-est,2006/03/27 11:45:00+00,2017/07/13 22:52:15+00,17356
205000993,Northeast,Nord-est,2006/03/27 11:45:00+00,2017/07/13 22:52:15+00,17357
205000995,Northeast,Nord-est,2006/03/27 11:45:00+00,2017/07/13 22:52:15+00,17358
205000964,Northeast,Nord-est,2006/03/27 11:45:00+00,2017/07/13 22:52:15+00,17359
205001068,Northwest,Nord-ouest,2006/03/27 11:45:00+00,2017/07/17 23:02:15+00,17551
205000977,Northeast,Nord-est,2006/03/27 11:45:00+00,2017/07/13 22:52:15+00,17360
205000980,Northeast,Nord-est,2006/03/27 11:45:00+00,2017/07/13 22:52:15+00,17361
205000988,Northeast,Nord-est,2006/03/27 11:45:00+00,2017/07/13 22:52:15+00,17362
205001008,Northeast,Nord-est,2006/03/27 11:45:00+00,2017/07/13 22:52:15+00,17363
205000999,Northeast,Nord-est,2006/03/27 11:45:00+00,2017/07/13 22:52:15+00,17364
205001088,Northwest,Nord-ouest,2006/03/27 11:45:00+00,2017/07/17 23:02:15+00,17553
205000966,Northeast,Nord-est,2006/03/27 11:45:00+00,2017/07/13 22:52:15+00,17365
107102686,Northwest,Nord-ouest,2014/06/03 11:19:42+00,2017/07/13 22:52:15+00,17366
205000990,Northeast,Nord-est,2006/03/27 11:45:00+00,2017/07/13 22:52:15+00,17367
205001002,Northeast,Nord-est,2006/03/27 11:45:00+00,2017/07/13 22:52:15+00,17368
205001059,Northeast,Nord-est,2006/03/27 11:45:00+00,2017/07/17 23:02:15+00,17554
205000961,Northeast,Nord-est,2006/03/27 11:45:00+00,2017/07/13 22:52:15+00,17369
108313517,Northeast,Nord-est,2014/06/19 09:54:12+00,2017/07/13 22:52:15+00,17370
205000979,Northeast,Nord-est,2006/03/27 11:45:00+00,2017/07/13 22:52:15+00,17371
205000982,Northeast,Nord-est,2006/03/27 11:45:00+00,2017/07/13 22:52:15+00,17372
205000974,Northeast,Nord-est,2006/03/27 11:45:00+00,2017/07/13 22:52:15+00,17373
205000996,Northeast,Nord-est,2006/03/27 11:45:00+00,2017/07/13 22:52:15+00,17374
205000958,Northeast,Nord-est,2006/03/27 11:45:00+00,2017/07/13 22:52:15+00,17375
205000957,Northeast,Nord-est,2006/03/27 11:45:00+00,2017/07/13 22:52:15+00,17376
205001089,Northwest,Nord-ouest,2006/03/27 11:45:00+00,2017/07/17 23:02:15+00,17555
68650456,Northwest,Nord-ouest,2009/03/23 15:40:55+00,2017/07/17 23:02:15+00,17556
205001124,Northwest,Nord-ouest,2006/03/27 11:45:00+00,2017/07/17 23:02:15+00,17557
205001161,Northwest,Nord-ouest,2006/03/27 11:45:00+00,2017/07/17 23:02:15+00,17558
205001102,Northwest,Nord-ouest,2006/03/27 11:45:00+00,2017/07/17 23:02:15+00,17559
205001181,Northeast,Nord-est,2006/03/27 11:45:00+00,2017/07/17 23:02:15+00,17560
205001067,Northwest,Nord-ouest,2006/03/27 11:45:00+00,2017/07/17 23:02:15+00,17561
205001061,Northeast,Nord-est,2006/03/27 11:45:00+00,2017/07/17 23:02:15+00,17562
205001108,Northwest,Nord-ouest,2006/03/27 11:45:00+00,2017/07/17 23:02:15+00,17563
205001050,Northeast,Nord-est,2006/03/27 11:45:00+00,2017/07/17 23:02:15+00,17564
205001115,Northwest,Nord-ouest,2006/03/27 11:45:00+00,2017/07/17 23:02:15+00,17565
205001165,Northeast,Nord-est,2006/03/27 11:45:00+00,2017/07/17 23:02:15+00,17566
205001160,Northwest,Nord-ouest,2006/03/27 11:45:00+00,2017/07/17 23:02:15+00,17567
205001104,Northeast,Nord-est,2006/03/27 11:45:00+00,2017/07/17 23:02:15+00,17568
205001136,Northwest,Nord-ouest,2006/03/27 11:45:00+00,2017/07/17 23:02:15+00,17569
205001178,Northeast,Nord-est,2006/03/27 11:45:00+00,2017/07/17 23:02:15+00,17570
70249634,Northeast,Nord-est,2010/08/30 15:36:27+00,2017/07/17 23:02:15+00,17571
205001112,Northwest,Nord-ouest,2006/03/27 11:45:00+00,2017/07/17 23:02:15+00,17572
205001100,Northwest,Nord-ouest,2006/03/27 11:45:00+00,2017/07/17 23:02:15+00,17573
205001080,Northwest,Nord-ouest,2006/03/27 11:45:00+00,2017/07/17 23:02:15+00,17574
205001180,Northeast,Nord-est,2006/03/27 11:45:00+00,2017/07/17 23:02:15+00,17575
205001216,Central,Centre,2006/03/27 11:45:00+00,2017/07/18 22:42:15+00,17578
205001200,Central,Centre,2006/03/27 11:45:00+00,2017/07/18 22:42:15+00,17579
205001195,Central,Centre,2006/03/27 11:45:00+00,2017/07/18 22:42:15+00,17580
205001217,Central,Centre,2006/03/27 11:45:00+00,2017/07/18 22:42:15+00,17581
205001197,Central,Centre,2006/03/27 11:45:00+00,2017/07/18 22:42:15+00,17582
205001201,Southeast,Sud-est,2006/03/27 11:45:00+00,2017/07/18 22:42:15+00,17583
205001193,Central,Centre,2006/03/27 11:45:00+00,2017/07/18 22:42:15+00,17584
205001214,Southeast,Sud-est,2006/03/27 11:45:00+00,2017/07/18 22:42:15+00,17585
205001207,Central,Centre,2006/03/27 11:45:00+00,2017/07/18 22:42:15+00,17586
71451136,Northeast,Nord-est,2014/06/18 11:27:56+00,2017/07/18 22:42:15+00,17587
205001196,Central,Centre,2006/03/27 11:45:00+00,2017/07/18 22:42:15+00,17588
71451149,Northeast,Nord-est,2014/06/18 14:50:09+00,2017/07/18 22:42:15+00,17590
205001213,Southeast,Sud-est,2006/03/27 11:45:00+00,2017/07/18 22:42:15+00,17591
70225557,Southwest,Sud-ouest,2010/06/30 16:19:33+00,2015/01/29 23:22:35+00,15459
205001203,Southeast,Sud-est,2006/03/27 11:45:00+00,2017/07/18 22:42:15+00,17592
205000199,Northwest,Nord-ouest,2009/03/09 14:30:39+00,2020/08/13 22:21:56+00,19361
205001212,Central,Centre,2006/03/27 11:45:00+00,2017/07/18 22:42:15+00,17595
205001194,Central,Centre,2006/03/27 11:45:00+00,2017/07/18 22:42:15+00,17596
205001209,Northeast,Nord-est,2006/03/27 11:45:00+00,2017/07/18 22:42:15+00,17597
205001205,Southeast,Sud-est,2006/03/27 11:45:00+00,2017/07/18 22:42:15+00,17598
205001211,Central,Centre,2006/03/27 11:45:00+00,2017/07/18 22:42:15+00,17599
205001210,Central,Centre,2006/03/27 11:45:00+00,2017/07/18 22:42:15+00,17600
205001198,Central,Centre,2006/03/27 11:45:00+00,2017/07/18 22:42:15+00,17601
205001206,Central,Centre,2006/03/27 11:45:00+00,2017/07/18 22:42:15+00,17602
205001204,Algonquin,Algonquin,2006/03/27 11:45:00+00,2017/07/18 22:42:15+00,17603
205001199,Central,Centre,2006/03/27 11:45:00+00,2017/07/18 22:42:15+00,17604
205001202,Algonquin,Algonquin,2006/03/27 11:45:00+00,2017/07/18 22:42:15+00,17605
205001192,Central,Centre,2006/03/27 11:45:00+00,2017/07/18 22:42:15+00,17606
205000187,Northwest,Nord-ouest,2009/03/09 14:12:28+00,2020/08/13 22:21:56+00,19370
205000185,Northwest,Nord-ouest,2009/03/09 14:08:11+00,2020/08/13 22:21:56+00,19371
205000125,Northwest,Nord-ouest,2009/03/05 10:30:17+00,2020/08/13 22:21:56+00,19429
205054712,Northeast,Nord-est,2009/03/05 10:15:58+00,2020/08/13 22:21:56+00,19436
205000078,Northeast,Nord-est,2009/03/04 13:54:10+00,2020/08/13 22:21:56+00,19477
205000936,Central,Centre,2006/03/27 11:45:00+00,2017/07/12 22:57:15+00,17309
120733802,Southeast,Sud-est,2018/01/24 11:45:41+00,2018/01/24 23:12:15+00,17770
71235068,Southwest,Sud-ouest,2011/04/06 11:14:11+00,2017/07/19 22:27:15+00,17609
205000156,Northwest,Nord-ouest,2009/03/09 11:00:53+00,2020/08/18 22:11:56+00,20016
71236518,Southwest,Sud-ouest,2011/04/07 09:52:11+00,2017/07/19 22:27:15+00,17610
205001229,Southeast,Sud-est,2006/03/27 11:45:00+00,2017/07/19 22:27:15+00,17611
205000155,Northeast,Nord-est,2009/03/09 10:59:46+00,2020/08/18 22:11:56+00,20017
205000154,Northwest,Nord-ouest,2009/03/09 10:58:39+00,2020/08/18 22:11:56+00,20018
205000153,Northwest,Nord-ouest,2009/03/09 10:57:40+00,2020/08/18 22:11:56+00,20019
70235065,Southwest,Sud-ouest,2010/07/09 10:50:41+00,2013/12/03 22:47:35+00,13831
205000152,Northeast,Nord-est,2009/03/09 10:54:28+00,2020/08/18 22:11:56+00,20020
70756838,Southeast,Sud-ouest,2011/03/18 11:05:48+00,2020/06/02 22:17:15+00,18889
70758062,Southeast,Sud-ouest,2011/03/21 15:02:31+00,2017/07/19 22:27:15+00,17612
205000162,Northwest,Nord-ouest,2009/03/09 11:09:26+00,2020/08/18 22:11:56+00,20009
71217124,Southwest,Sud-ouest,2011/04/05 15:23:07+00,2018/08/09 22:57:15+00,17930
67582406,Northeast,Nord-est,2019/01/30 11:43:30+00,2020/08/18 22:11:56+00,20021
205000161,Northwest,Nord-ouest,2009/03/09 11:08:16+00,2020/08/18 22:11:56+00,20010
205000160,Northwest,Nord-ouest,2009/03/09 11:07:10+00,2020/08/18 22:11:56+00,20011
205000151,Northwest,Nord-ouest,2009/03/09 10:53:26+00,2020/08/18 22:11:56+00,20022
205000150,Northwest,Nord-ouest,2009/03/09 10:52:17+00,2020/08/18 22:11:56+00,20023
70226864,Southwest,Sud-ouest,2010/07/05 10:40:16+00,2013/12/03 22:47:35+00,13836
205000159,Northeast,Nord-est,2009/03/09 11:06:11+00,2020/08/18 22:11:56+00,20012
205000180,Northwest,Nord-ouest,2009/03/09 14:01:50+00,2020/08/18 22:11:56+00,20013
70756964,Southeast,Sud-ouest,2011/03/18 11:19:08+00,2017/07/19 22:27:15+00,17613
205000158,Central,Centre,2009/03/09 11:03:18+00,2020/08/18 22:11:56+00,20014
205001230,Central,Centre,2006/03/27 11:45:00+00,2017/07/19 22:27:15+00,17614
205000157,Northwest,Nord-ouest,2009/03/09 11:02:12+00,2020/08/18 22:11:56+00,20015
205000149,Northwest,Nord-ouest,2009/03/09 10:50:13+00,2020/08/18 22:11:56+00,20024
71217450,Southwest,Sud-ouest,2011/04/05 15:38:12+00,2017/07/19 22:27:15+00,17615
71206429,Southwest,Sud-ouest,2011/04/05 10:51:47+00,2017/07/19 22:27:15+00,17616
205000148,Northwest,Nord-ouest,2009/03/09 10:48:32+00,2020/08/18 22:11:56+00,20025
205000147,Northwest,Nord-ouest,2009/03/09 10:47:29+00,2020/08/18 22:11:56+00,20026
205000173,Northwest,Nord-ouest,2009/03/09 13:53:01+00,2020/08/18 22:11:56+00,20027
205000146,Northwest,Nord-ouest,2009/03/09 10:46:14+00,2020/08/18 22:11:56+00,20028
205000169,Northwest,Nord-ouest,2009/03/09 13:40:21+00,2020/08/18 22:11:56+00,20029
205000145,Northwest,Nord-ouest,2009/03/09 10:44:55+00,2020/08/18 22:11:56+00,20030
205000144,Northwest,Nord-ouest,2009/03/09 10:43:46+00,2020/08/18 22:11:56+00,20031
205000141,Northwest,Nord-ouest,2009/03/09 10:40:36+00,2020/08/18 22:11:56+00,20033
205000216,Northwest,Nord-ouest,2009/03/09 15:13:33+00,2020/08/18 22:11:56+00,20034
205000140,Northwest,Nord-ouest,2009/03/09 10:35:19+00,2020/08/18 22:11:56+00,20035
205000446,Northeast,Nord-est,2009/03/16 10:10:44+00,2020/08/13 22:21:56+00,19529
205000139,Northwest,Nord-ouest,2009/03/09 10:33:58+00,2020/08/18 22:11:56+00,20036
205000138,Northwest,Nord-ouest,2009/03/09 10:32:35+00,2020/08/18 22:11:56+00,20037
205000490,Northwest,Nord-ouest,2009/03/16 13:59:32+00,2020/08/13 22:21:56+00,19531
205000137,Northwest,Nord-ouest,2009/03/09 10:31:44+00,2020/08/18 22:11:56+00,20038
205000943,Central,Centre,2006/03/27 11:45:00+00,2017/07/12 22:57:15+00,17310
205000136,Northwest,Nord-ouest,2009/03/09 10:29:58+00,2020/08/18 22:11:56+00,20039
205000135,Northwest,Nord-ouest,2009/03/09 10:28:28+00,2020/08/18 22:11:56+00,20040
205000134,Northeast,Nord-est,2009/03/06 16:14:36+00,2020/08/18 22:11:56+00,20041
205000168,Northwest,Nord-ouest,2009/03/09 13:39:14+00,2020/08/18 22:11:56+00,20042
205000131,Northwest,Nord-ouest,2009/03/06 16:04:30+00,2020/08/18 22:11:56+00,20043
205000130,Northwest,Nord-ouest,2009/03/06 15:54:09+00,2020/08/18 22:11:56+00,20044
205000129,Northwest,Nord-ouest,2009/03/06 15:53:10+00,2020/08/18 22:11:56+00,20045
205000133,Northwest,Nord-ouest,2009/03/06 16:13:27+00,2020/08/18 22:11:56+00,20046
205000196,Northwest,Nord-ouest,2009/03/09 14:28:23+00,2020/08/18 22:11:56+00,20047
205000132,Northwest,Nord-ouest,2009/03/06 16:12:23+00,2020/08/18 22:11:56+00,20048
205000128,Northwest,Nord-ouest,2009/03/05 10:40:41+00,2020/08/18 22:11:56+00,20049
205000127,Northwest,Nord-ouest,2009/03/05 10:37:46+00,2020/08/18 22:11:56+00,20050
205000126,Northwest,Nord-ouest,2009/03/05 10:35:34+00,2020/08/18 22:11:56+00,20051
205000124,Northwest,Nord-ouest,2009/03/05 10:23:45+00,2020/08/18 22:11:56+00,20052
205000123,Northwest,Nord-ouest,2009/03/05 10:22:36+00,2020/08/18 22:11:56+00,20053
205000122,Northwest,Nord-ouest,2009/03/05 10:21:27+00,2020/08/18 22:11:56+00,20054
205000121,Northeast,Nord-est,2009/03/05 10:20:25+00,2020/08/18 22:11:56+00,20055
205000181,Northwest,Nord-ouest,2009/03/09 14:03:16+00,2020/08/18 22:11:56+00,20056
205000120,Northeast,Nord-est,2009/03/05 10:19:21+00,2020/08/18 22:11:56+00,20057
205000119,Northeast,Nord-est,2009/03/05 10:17:08+00,2020/08/18 22:11:56+00,20058
205000491,Northwest,Nord-ouest,2009/03/16 14:00:32+00,2020/08/13 22:21:56+00,19547
205000118,Northeast,Nord-est,2009/03/05 10:14:34+00,2020/08/18 22:11:56+00,20059
205000191,Northwest,Nord-ouest,2009/03/09 14:19:58+00,2020/08/18 22:11:56+00,20060
205000117,Central,Centre,2009/03/05 10:13:10+00,2020/08/18 22:11:56+00,20061
205000116,Northeast,Nord-est,2009/03/05 10:11:54+00,2020/08/18 22:11:56+00,20062
205000115,Northeast,Nord-est,2009/03/05 10:10:47+00,2020/08/18 22:11:56+00,20063
205000114,Northeast,Nord-est,2009/03/05 10:09:31+00,2020/08/18 22:11:56+00,20064
70711517,Central,Centre,2011/01/31 09:09:54+00,2017/07/19 22:27:15+00,17619
205000113,Northeast,Nord-est,2009/03/04 15:48:09+00,2020/08/18 22:11:56+00,20065
205000489,Northwest,Nord-ouest,2009/03/16 13:58:22+00,2020/08/13 22:21:56+00,19558
70757619,Southeast,Sud-ouest,2011/03/18 15:14:42+00,2018/09/07 22:37:15+00,18089
70712718,Central,Centre,2011/02/07 10:11:24+00,2017/07/19 22:27:15+00,17620
70712957,Central,Centre,2011/02/07 11:41:17+00,2017/07/19 22:27:15+00,17621
205000480,Northeast,Nord-est,2009/03/16 13:49:19+00,2020/08/13 22:21:56+00,19567
205000945,Northeast,Nord-est,2006/03/27 11:45:00+00,2017/07/12 22:57:15+00,17311
205000952,Northeast,Nord-est,2006/03/27 11:45:00+00,2017/07/12 22:57:15+00,17312
205000938,Northeast,Nord-est,2006/03/27 11:45:00+00,2017/07/12 22:57:15+00,17313
205000947,Northeast,Nord-est,2006/03/27 11:45:00+00,2017/07/12 22:57:15+00,17314
205000949,Northeast,Nord-est,2006/03/27 11:45:00+00,2017/07/12 22:57:15+00,17315
205000935,Central,Centre,2006/03/27 11:45:00+00,2017/07/12 22:57:15+00,17316
205000951,Northwest,Nord-ouest,2006/03/27 11:45:00+00,2017/07/12 22:57:15+00,17317
205000939,Northeast,Nord-est,2006/03/27 11:45:00+00,2017/07/12 22:57:15+00,17318
205000950,Northwest,Nord-ouest,2006/03/27 11:45:00+00,2017/07/12 22:57:15+00,17319
205000948,Northeast,Nord-est,2006/03/27 11:45:00+00,2017/07/12 22:57:15+00,17320
205000940,Northeast,Nord-est,2006/03/27 11:45:00+00,2017/07/12 22:57:15+00,17321
205000937,Northeast,Nord-est,2006/03/27 11:45:00+00,2017/07/12 22:57:15+00,17322
205000953,Northeast,Nord-est,2006/03/27 11:45:00+00,2017/07/12 22:57:15+00,17323
205000954,Northeast,Nord-est,2006/03/27 11:45:00+00,2017/07/12 22:57:15+00,17324
205000942,Northeast,Nord-est,2006/03/27 11:45:00+00,2017/07/12 22:57:15+00,17325
205000944,Northeast,Nord-est,2006/03/27 11:45:00+00,2017/07/12 22:57:15+00,17326
71235534,Southwest,Sud-ouest,2011/04/06 16:40:03+00,2017/07/19 22:27:15+00,17622
70712215,Central,Centre,2011/01/31 15:28:09+00,2017/07/19 22:27:15+00,17623
71128548,Southwest,Sud-ouest,2011/03/23 13:49:37+00,2017/07/19 22:27:15+00,17624
70712107,Central,Centre,2011/01/31 10:32:42+00,2017/07/19 22:27:15+00,17625
71129549,Southwest,Sud-ouest,2011/03/23 15:41:06+00,2017/07/19 22:27:15+00,17626
205001226,Central,Centre,2006/03/27 11:45:00+00,2017/07/19 22:27:15+00,17627
205001224,Central,Centre,2006/03/27 11:45:00+00,2017/07/19 22:27:15+00,17628
205001223,Central,Centre,2006/03/27 11:45:00+00,2017/07/19 22:27:15+00,17629
71128131,Southwest,Sud-ouest,2011/03/23 11:40:49+00,2017/07/19 22:27:15+00,17630
70225493,Southeast,Sud-ouest,2010/07/09 11:39:54+00,2017/07/19 22:27:15+00,17631
71135237,Southwest,Sud-ouest,2011/03/28 13:45:15+00,2017/07/19 22:27:15+00,17632
71196426,Southwest,Sud-ouest,2011/04/01 15:40:19+00,2017/07/19 22:27:15+00,17633
71236331,Southwest,Sud-ouest,2011/04/07 09:31:37+00,2017/07/19 22:27:15+00,17636
70757730,Southeast,Sud-ouest,2011/03/21 13:59:47+00,2017/07/19 22:27:15+00,17637
70757403,Southeast,Sud-ouest,2011/03/18 14:30:16+00,2017/07/19 22:27:15+00,17638
70712665,Central,Centre,2011/02/04 16:24:54+00,2017/07/19 22:27:15+00,17639
71136507,Southwest,Sud-ouest,2011/03/28 14:28:15+00,2017/07/19 22:27:15+00,17640
71128309,Southwest,Sud-ouest,2011/03/23 13:37:52+00,2017/07/19 22:27:15+00,17642
70758730,Southeast,Sud-ouest,2011/03/23 10:35:31+00,2017/07/19 22:27:15+00,17643
71206696,Southwest,Sud-ouest,2011/04/05 10:57:09+00,2017/07/19 22:27:15+00,17644
71217744,Southwest,Sud-ouest,2011/04/06 11:02:58+00,2017/07/19 22:27:15+00,17646
205001191,Central,Centre,2006/03/27 11:45:00+00,2018/09/07 22:37:15+00,18092
71196442,Southwest,Sud-ouest,2011/04/01 16:08:46+00,2017/07/19 22:27:15+00,17648
205001228,Central,Centre,2006/03/27 11:45:00+00,2017/07/19 22:27:15+00,17649
70712786,Central,Centre,2011/02/07 10:53:40+00,2017/07/19 22:27:15+00,17651
70712948,Central,Centre,2011/02/07 11:19:36+00,2017/07/19 22:27:15+00,17652
205001221,Southeast,Sud-est,2006/03/27 11:45:00+00,2017/07/19 22:27:15+00,17653
71134546,Southwest,Sud-ouest,2011/03/28 11:50:42+00,2017/07/19 22:27:15+00,17654
205001219,Central,Centre,2006/03/27 11:45:00+00,2017/07/19 22:27:15+00,17655
70758519,Southeast,Sud-ouest,2011/03/22 14:19:44+00,2017/07/19 22:27:15+00,17656
70756561,Southeast,Centre,2011/02/24 13:42:53+00,2017/07/19 22:27:15+00,17657
205001220,Southeast,Sud-est,2006/03/27 11:45:00+00,2017/07/19 22:27:15+00,17660
71136508,Southwest,Sud-ouest,2011/03/28 14:45:57+00,2017/07/19 22:27:15+00,17661
70712751,Central,Centre,2011/02/07 10:22:08+00,2017/07/19 22:27:15+00,17662
70713645,Central,Centre,2011/02/07 15:27:05+00,2017/07/19 22:27:15+00,17663
70713141,Central,Centre,2011/02/07 14:09:37+00,2017/07/19 22:27:15+00,17664
71236519,Southwest,Sud-ouest,2011/04/07 11:06:24+00,2017/07/19 22:27:15+00,17666
70757958,Southeast,Sud-ouest,2011/03/21 14:54:14+00,2017/07/19 22:27:15+00,17667
70758392,Southeast,Sud-ouest,2011/03/22 14:13:02+00,2017/07/19 22:27:15+00,17668
71134346,Southwest,Sud-ouest,2011/03/28 11:38:51+00,2017/07/19 22:27:15+00,17669
70712644,Central,Centre,2011/02/04 11:42:14+00,2017/07/19 22:27:15+00,17670
70712608,Central,Centre,2011/01/31 15:47:39+00,2017/07/19 22:27:15+00,17672
71196374,Southwest,Sud-ouest,2011/03/31 14:21:50+00,2017/07/19 22:27:15+00,17673
70222863,Southwest,Sud-ouest,2010/06/30 11:19:44+00,2017/07/19 22:27:15+00,17674
71183577,Southwest,Sud-ouest,2011/03/29 11:31:58+00,2017/07/19 22:27:15+00,17675
71136515,Southwest,Sud-ouest,2011/03/29 09:35:18+00,2017/07/19 22:27:15+00,17676
70730894,Central,Centre,2011/02/07 09:53:07+00,2017/07/19 22:27:15+00,17677
205001225,Central,Centre,2006/03/27 11:45:00+00,2017/07/19 22:27:15+00,17678
71196431,Southwest,Sud-ouest,2011/04/01 15:46:17+00,2017/07/19 22:27:15+00,17679
71196395,Southwest,Sud-ouest,2011/03/31 15:58:38+00,2017/07/19 22:27:15+00,17680
71129429,Southwest,Sud-ouest,2011/03/23 14:00:43+00,2017/07/19 22:27:15+00,17681
205001222,Southeast,Sud-est,2006/03/27 11:45:00+00,2017/07/19 22:27:15+00,17682
70712782,Central,Centre,2011/02/07 10:27:26+00,2017/07/19 22:27:15+00,17683
205001231,Southeast,Sud-est,2006/03/27 11:45:00+00,2017/07/19 22:27:15+00,17684
70713699,Central,Centre,2011/02/07 15:33:49+00,2017/07/19 22:27:15+00,17685
71134832,Southwest,Sud-ouest,2011/03/28 13:37:43+00,2017/07/19 22:27:15+00,17687
71236517,Southwest,Sud-ouest,2011/04/07 09:39:54+00,2017/07/19 22:27:15+00,17688
71236520,Southwest,Sud-ouest,2011/04/07 11:16:39+00,2017/07/19 22:27:15+00,17689
71136375,Southwest,Sud-ouest,2011/03/28 14:16:37+00,2017/07/19 22:27:15+00,17690
70230787,Southwest,Sud-ouest,2011/04/01 16:21:04+00,2017/07/19 22:27:15+00,17691
205001227,Central,Centre,2006/03/27 11:45:00+00,2017/07/19 22:27:15+00,17692
71126692,Southwest,Sud-ouest,2011/03/23 11:04:55+00,2017/07/19 22:27:15+00,17693
70756690,Southeast,Centre,2011/02/24 14:21:06+00,2017/07/19 22:27:15+00,17694
71129559,Southwest,Sud-ouest,2011/03/28 11:29:12+00,2017/07/19 22:27:15+00,17695
102419523,Northeast,Nord-est,2013/03/19 09:52:54+00,2017/07/19 22:27:15+00,17696
71196378,Southwest,Sud-ouest,2011/03/31 15:07:22+00,2017/07/19 22:27:15+00,17697
70758186,Southeast,Sud-ouest,2011/03/21 15:09:22+00,2017/07/19 22:27:15+00,17698
70712937,Central,Centre,2011/02/07 11:10:40+00,2017/07/19 22:27:15+00,17699
71136517,Southwest,Sud-ouest,2011/03/29 11:21:54+00,2017/07/19 22:27:15+00,17700
70757526,Southeast,Sud-ouest,2011/03/18 14:36:33+00,2017/07/19 22:27:15+00,17702
70712856,Central,Centre,2011/02/07 11:02:53+00,2017/07/19 22:27:15+00,17703
102000139,Central,Centre,2014/05/27 14:40:03+00,2017/07/19 22:27:15+00,17704
71185399,Southwest,Sud-ouest,2011/03/29 11:39:51+00,2017/07/19 22:27:15+00,17705
120729251,Southeast,Sud-est,2018/01/23 16:19:19+00,2018/01/23 22:57:15+00,17769
205000694,Northeast,Nord-est,2014/07/29 21:08:33+00,2020/08/11 22:26:56+00,19037
205000448,Northeast,Nord-est,2009/03/16 10:11:49+00,2020/08/13 22:21:56+00,19573
205000479,Northeast,Nord-est,2009/03/16 13:47:49+00,2020/08/13 22:21:56+00,19579
205000222,Northwest,Nord-ouest,2009/03/12 10:05:39+00,2020/08/13 22:21:56+00,19598
205054813,Northeast,Nord-est,2009/03/16 10:09:42+00,2020/08/13 22:21:56+00,19603
205000021,Northeast,Nord-est,2009/02/18 11:04:45+00,2020/08/13 22:21:56+00,19652
205000023,Northeast,Nord-est,2009/02/18 11:17:47+00,2020/08/13 22:21:56+00,19654
205000713,Northeast,Nord-est,2014/08/16 19:03:13+00,2020/08/14 22:21:56+00,19669
205001047,Northeast,Nord-est,2006/03/27 11:45:00+00,2018/10/19 22:02:15+00,18170
124210612,Southwest,Sud-ouest,2018/08/13 09:51:59+00,2018/08/13 22:47:15+00,17969
205001037,Northeast,Nord-est,2006/03/27 11:45:00+00,2017/07/14 22:32:15+00,17377
205001022,Northeast,Nord-est,2006/03/27 11:45:00+00,2017/07/14 22:32:15+00,17378
205001007,Northeast,Nord-est,2006/03/27 11:45:00+00,2017/07/14 22:32:15+00,17379
205001031,Northeast,Nord-est,2006/03/27 11:45:00+00,2017/07/14 22:32:15+00,17380
205001012,Northeast,Nord-est,2006/03/27 11:45:00+00,2017/07/14 22:32:15+00,17381
205001018,Northeast,Nord-est,2006/03/27 11:45:00+00,2017/07/14 22:32:15+00,17382
205001017,Northeast,Nord-est,2006/03/27 11:45:00+00,2017/07/14 22:32:15+00,17383
205001038,Algonquin,Algonquin,2006/03/27 11:45:00+00,2017/07/14 22:32:15+00,17384
205001030,Northeast,Nord-est,2006/03/27 11:45:00+00,2017/07/14 22:32:15+00,17385
205001011,Northeast,Nord-est,2006/03/27 11:45:00+00,2017/07/14 22:32:15+00,17386
205001033,Northeast,Nord-est,2006/03/27 11:45:00+00,2017/07/14 22:32:15+00,17387
205001026,Northeast,Nord-est,2006/03/27 11:45:00+00,2017/07/14 22:32:15+00,17388
205001019,Northeast,Nord-est,2006/03/27 11:45:00+00,2017/07/14 22:32:15+00,17390
205001014,Northeast,Nord-est,2006/03/27 11:45:00+00,2017/07/14 22:32:15+00,17391
205001043,Northeast,Nord-est,2006/03/27 11:45:00+00,2017/07/14 22:32:15+00,17392
205001020,Northeast,Nord-est,2006/03/27 11:45:00+00,2017/07/14 22:32:15+00,17393
205001024,Northeast,Nord-est,2006/03/27 11:45:00+00,2017/07/14 22:32:15+00,17394
205001006,Northeast,Nord-est,2006/03/27 11:45:00+00,2017/07/14 22:32:15+00,17395
205001028,Northeast,Nord-est,2006/03/27 11:45:00+00,2017/07/14 22:32:15+00,17396
205001034,Northeast,Nord-est,2006/03/27 11:45:00+00,2017/07/14 22:32:15+00,17397
205001021,Northeast,Nord-est,2006/03/27 11:45:00+00,2017/07/14 22:32:15+00,17398
205001015,Northeast,Nord-est,2006/03/27 11:45:00+00,2017/07/14 22:32:15+00,17399
205001023,Northeast,Nord-est,2006/03/27 11:45:00+00,2017/07/14 22:32:15+00,17400
205001036,Northeast,Nord-est,2006/03/27 11:45:00+00,2017/07/14 22:32:15+00,17401
205001044,Northeast,Nord-est,2006/03/27 11:45:00+00,2017/07/14 22:32:15+00,17402
205001013,Northeast,Nord-est,2006/03/27 11:45:00+00,2017/07/14 22:32:15+00,17403
205001025,Northeast,Nord-est,2006/03/27 11:45:00+00,2017/07/14 22:32:15+00,17405
205001032,Northeast,Nord-est,2006/03/27 11:45:00+00,2017/07/14 22:32:15+00,17406
205001016,Northeast,Nord-est,2006/03/27 11:45:00+00,2017/07/14 22:32:15+00,17407
205001035,Northeast,Nord-est,2006/03/27 11:45:00+00,2017/07/14 22:32:15+00,17409
205001027,Northeast,Nord-est,2006/03/27 11:45:00+00,2017/07/14 22:32:15+00,17411
205001005,Northeast,Nord-est,2006/03/27 11:45:00+00,2017/07/14 22:32:15+00,17412
121172105,Southeast,Sud-est,2018/02/12 10:43:39+00,2018/02/12 23:02:15+00,17809
108590228,Northwest,Nord-ouest,2017/10/06 11:38:29+00,2020/08/17 22:01:56+00,19691
108588754,Northwest,Nord-ouest,2017/08/14 11:53:55+00,2020/08/17 22:01:56+00,19692
70666274,Northwest,Nord-ouest,2014/07/02 11:00:09+00,2020/08/17 22:01:56+00,19694
70666257,Northwest,Nord-ouest,2014/06/27 11:47:48+00,2020/08/17 22:01:56+00,19695
205000241,Northeast,Nord-est,2009/03/12 11:21:04+00,2020/08/17 22:01:56+00,19946
68650463,Northwest,Nord-ouest,2009/03/26 16:08:19+00,2020/08/17 22:01:56+00,19851
68650462,Northwest,Nord-ouest,2009/03/25 15:31:23+00,2020/08/17 22:01:56+00,19852
68650460,Northwest,Nord-ouest,2009/03/25 13:38:19+00,2020/08/17 22:01:56+00,19853
68650458,Northwest,Nord-ouest,2009/03/24 14:49:49+00,2020/08/17 22:01:56+00,19854
68650457,Northwest,Nord-ouest,2009/03/24 10:33:58+00,2020/08/17 22:01:56+00,19855
68650464,Northwest,Nord-ouest,2009/03/23 16:02:52+00,2020/08/17 22:01:56+00,19856
205000987,Northeast,Nord-est,2006/03/27 11:45:00+00,2013/06/28 22:42:35+00,12577
205000941,Northeast,Nord-est,2006/03/27 11:45:00+00,2013/09/20 23:12:35+00,13467
111871737,Northwest,Nord-ouest,2016/03/22 14:15:47+00,2017/07/17 23:02:15+00,17429
70225562,Southwest,Sud-ouest,2010/07/09 11:06:30+00,2017/03/03 10:37:15+00,17189
205001070,Northwest,Nord-ouest,2006/03/27 11:45:00+00,2017/07/17 23:02:15+00,17430
205001179,Northeast,Nord-est,2006/03/27 11:45:00+00,2017/07/17 23:02:15+00,17431
205000901,Northeast,Nord-est,2014/08/04 19:06:50+00,2020/08/12 21:51:56+00,19334
115021515,Southwest,Sud-ouest,2018/02/28 16:17:49+00,2018/08/08 23:02:15+00,17909
71128707,Southwest,Sud-ouest,2011/04/18 10:56:07+00,2018/08/10 22:17:15+00,17949
205001041,Northeast,Nord-est,2006/03/27 11:45:00+00,2018/09/17 22:22:15+00,18129
205001045,Northeast,Nord-est,2006/03/27 11:45:00+00,2018/09/17 22:22:15+00,18130
205001040,Northeast,Nord-est,2006/03/27 11:45:00+00,2018/09/17 22:22:15+00,18131
205001218,Southeast,Sud-est,2006/03/27 11:45:00+00,2018/09/17 22:22:15+00,18132
205001215,Central,Centre,2006/03/27 11:45:00+00,2018/09/17 22:22:15+00,18133
205001046,Northeast,Nord-est,2006/03/27 11:45:00+00,2018/09/17 22:22:15+00,18134
205001029,Northeast,Nord-est,2006/03/27 11:45:00+00,2018/09/17 22:22:15+00,18135
205001096,Northwest,Nord-ouest,2006/03/27 11:45:00+00,2017/07/17 23:02:15+00,17433
205001121,Northwest,Nord-ouest,2006/03/27 11:45:00+00,2017/07/17 23:02:15+00,17434
205001208,Southeast,Sud-est,2006/03/27 11:45:00+00,2018/09/17 22:22:15+00,18136
205001042,Northeast,Nord-est,2006/03/27 11:45:00+00,2018/09/17 22:22:15+00,18137
205001114,Northwest,Nord-ouest,2006/03/27 11:45:00+00,2017/07/17 23:02:15+00,17435
205000219,Northeast,Nord-est,2009/03/12 09:16:05+00,2020/05/28 22:22:15+00,18810
205001009,Northeast,Nord-est,2006/03/27 11:45:00+00,2018/09/17 22:22:15+00,18138
205001137,Northwest,Nord-ouest,2006/03/27 11:45:00+00,2017/07/17 23:02:15+00,17438
205000718,Northeast,Nord-est,2014/07/22 13:57:02+00,2020/08/12 21:51:56+00,19338
205000678,Northeast,Nord-est,2014/08/17 21:09:28+00,2020/05/28 22:22:15+00,18814
205000707,Northeast,Nord-est,2014/08/04 18:18:05+00,2020/05/28 22:22:15+00,18815
205000227,Northeast,Nord-est,2009/03/12 10:11:42+00,2020/05/28 22:22:15+00,18816
205000627,Northeast,Nord-est,2014/07/23 15:32:50+00,2020/05/28 22:22:15+00,18817
205000231,Northeast,Nord-est,2009/03/12 10:28:56+00,2020/05/28 22:22:15+00,18820
205000704,Northeast,Nord-est,2014/08/04 19:38:26+00,2020/05/28 22:22:15+00,18821
205000208,Northeast,Nord-est,2009/03/09 15:00:18+00,2020/05/28 22:22:15+00,18822
205000711,Northeast,Nord-est,2014/08/04 21:09:22+00,2020/05/28 22:22:15+00,18823
205000706,Northeast,Nord-est,2014/07/21 15:09:05+00,2020/05/28 22:22:15+00,18824
205000686,Northeast,Nord-est,2014/08/04 22:17:36+00,2020/05/28 22:22:15+00,18826
205000700,Northeast,Nord-est,2014/08/04 17:02:46+00,2020/05/28 22:22:15+00,18828
205001163,Northwest,Nord-ouest,2006/03/27 11:45:00+00,2017/07/17 23:02:15+00,17439
205000220,Northeast,Nord-est,2009/03/12 09:18:03+00,2020/05/28 22:22:15+00,18829
205001063,Northwest,Nord-ouest,2006/03/27 11:45:00+00,2017/07/17 23:02:15+00,17440
205000702,Northeast,Nord-est,2014/08/04 17:30:31+00,2020/05/28 22:22:15+00,18831
205000209,Northeast,Nord-est,2009/03/09 15:01:53+00,2020/05/28 22:22:15+00,18832
205000232,Northeast,Nord-est,2009/03/12 10:30:33+00,2020/05/28 22:22:15+00,18833
205000221,Northeast,Nord-est,2009/03/12 10:04:27+00,2020/05/28 22:22:15+00,18834
205001113,Northwest,Nord-ouest,2006/03/27 11:45:00+00,2017/07/17 23:02:15+00,17442
205000207,Northeast,Nord-est,2009/03/09 14:57:41+00,2020/05/28 22:22:15+00,18835
205001116,Southeast,Sud-est,2006/03/27 11:45:00+00,2017/07/17 23:02:15+00,17443
205000229,Northeast,Nord-est,2009/03/12 10:15:48+00,2020/05/28 22:22:15+00,18837
205000251,Northeast,Nord-est,2009/03/12 13:36:04+00,2020/05/28 22:22:15+00,18838
205000233,Northeast,Nord-est,2009/03/12 10:33:01+00,2020/05/28 22:22:15+00,18839
107101846,Northwest,Nord-ouest,2014/01/31 14:06:45+00,2017/07/17 23:02:15+00,17444
205000624,Northeast,Nord-est,2014/08/04 23:36:08+00,2020/05/28 22:22:15+00,18840
205001189,Central,Centre,2006/03/27 11:45:00+00,2017/07/17 23:02:15+00,17445
205000709,Northeast,Nord-est,2014/08/04 20:32:27+00,2020/05/28 22:22:15+00,18841
205001056,Northeast,Nord-est,2006/03/27 11:45:00+00,2017/07/17 23:02:15+00,17446
205001154,Northwest,Nord-ouest,2006/03/27 11:45:00+00,2017/07/17 23:02:15+00,17447
205001057,Northeast,Nord-est,2006/03/27 11:45:00+00,2017/07/17 23:02:15+00,17448
205001151,Northwest,Nord-ouest,2006/03/27 11:45:00+00,2017/07/17 23:02:15+00,17449
205000203,Northeast,Nord-est,2009/03/09 14:35:54+00,2020/05/28 22:22:15+00,18846
205001049,Northeast,Nord-est,2006/03/27 11:45:00+00,2017/07/17 23:02:15+00,17451
205000226,Northeast,Nord-est,2009/03/12 10:10:41+00,2020/05/28 22:22:15+00,18848
205000866,Northeast,Nord-est,2014/07/21 11:19:16+00,2020/05/28 22:22:15+00,18849
205000712,Northeast,Nord-est,2014/08/04 21:29:22+00,2020/05/28 22:22:15+00,18850
205000211,Northeast,Nord-est,2009/03/09 15:08:05+00,2020/05/28 22:22:15+00,18852
205001155,Northwest,Nord-ouest,2006/03/27 11:45:00+00,2017/07/17 23:02:15+00,17453
205001149,Northwest,Nord-ouest,2006/03/27 11:45:00+00,2017/07/17 23:02:15+00,17454
115300660,Southwest,Sud-ouest,2017/02/24 15:05:13+00,2017/03/06 23:17:15+00,17192
205001111,Northwest,Nord-ouest,2006/03/27 11:45:00+00,2017/07/17 23:02:15+00,17455
205000715,Northeast,Nord-est,2014/08/10 00:35:13+00,2020/05/28 22:22:15+00,18854
205001062,Northwest,Nord-ouest,2006/03/27 11:45:00+00,2017/07/17 23:02:15+00,17456
205000228,Northeast,Nord-est,2009/03/12 10:14:43+00,2020/05/28 22:22:15+00,18856
205001170,Northeast,Nord-est,2006/03/27 11:45:00+00,2017/07/17 23:02:15+00,17457
205001139,Northeast,Nord-est,2006/03/27 11:45:00+00,2017/07/17 23:02:15+00,17458
205000206,Northeast,Nord-est,2009/03/09 14:39:19+00,2020/05/28 22:22:15+00,18859
205001073,Northwest,Nord-ouest,2006/03/27 11:45:00+00,2017/07/17 23:02:15+00,17459
205001120,Northwest,Nord-ouest,2006/03/27 11:45:00+00,2017/07/17 23:02:15+00,17460
205000698,Northeast,Nord-est,2014/08/04 16:44:35+00,2020/05/28 22:22:15+00,18862
205001145,Northwest,Nord-ouest,2006/03/27 11:45:00+00,2017/07/17 23:02:15+00,17461
205001171,Northeast,Nord-est,2006/03/27 11:45:00+00,2017/07/17 23:02:15+00,17462
205000223,Northeast,Nord-est,2009/03/12 10:06:40+00,2020/05/28 22:22:15+00,18864
205001128,Northwest,Nord-ouest,2006/03/27 11:45:00+00,2017/07/17 23:02:15+00,17463
205001130,Northwest,Nord-ouest,2006/03/27 11:45:00+00,2017/07/17 23:02:15+00,17464
205000237,Northeast,Nord-est,2009/03/12 11:07:05+00,2020/05/28 22:22:15+00,18867
205000205,Northeast,Nord-est,2009/03/09 14:38:24+00,2020/05/28 22:22:15+00,18868
205001141,Northwest,Nord-ouest,2006/03/27 11:45:00+00,2017/07/17 23:02:15+00,17465
205001176,Central,Centre,2006/03/27 11:45:00+00,2017/07/17 23:02:15+00,17466
205001058,Northeast,Nord-est,2006/03/27 11:45:00+00,2017/07/17 23:02:15+00,17467
205001144,Northwest,Nord-ouest,2006/03/27 11:45:00+00,2017/07/17 23:02:15+00,17468
205001065,Northwest,Nord-ouest,2006/03/27 11:45:00+00,2017/07/17 23:02:15+00,17469
205001156,Northwest,Nord-ouest,2006/03/27 11:45:00+00,2017/07/17 23:02:15+00,17470
205001175,Northeast,Nord-est,2006/03/27 11:45:00+00,2017/07/17 23:02:15+00,17471
205001071,Northwest,Nord-ouest,2006/03/27 11:45:00+00,2017/07/17 23:02:15+00,17472
205001150,Northwest,Nord-ouest,2006/03/27 11:45:00+00,2017/07/17 23:02:15+00,17473
205001076,Northwest,Nord-ouest,2006/03/27 11:45:00+00,2017/07/17 23:02:15+00,17474
205001138,Northwest,Nord-ouest,2006/03/27 11:45:00+00,2017/07/17 23:02:15+00,17475
205001158,Northwest,Nord-ouest,2006/03/27 11:45:00+00,2017/07/17 23:02:15+00,17476
205001164,Northwest,Nord-ouest,2006/03/27 11:45:00+00,2017/07/17 23:02:15+00,17477
205001129,Northwest,Nord-ouest,2006/03/27 11:45:00+00,2017/07/17 23:02:15+00,17478
205001098,Northeast,Nord-est,2006/03/27 11:45:00+00,2017/07/17 23:02:15+00,17479
205001174,Northeast,Nord-est,2006/03/27 11:45:00+00,2017/07/17 23:02:15+00,17480
205001094,Northwest,Nord-ouest,2006/03/27 11:45:00+00,2017/07/17 23:02:15+00,17481
205001172,Northeast,Nord-est,2006/03/27 11:45:00+00,2017/07/17 23:02:15+00,17482
112741815,Northwest,Nord-ouest,2016/06/02 15:03:48+00,2017/07/17 23:02:15+00,17483
205001159,Northwest,Nord-ouest,2006/03/27 11:45:00+00,2017/07/17 23:02:15+00,17484
205001182,Northeast,Nord-est,2006/03/27 11:45:00+00,2017/07/17 23:02:15+00,17485
205001187,Southeast,Sud-est,2006/03/27 11:45:00+00,2017/07/17 23:02:15+00,17486
205001095,Northwest,Nord-ouest,2006/03/27 11:45:00+00,2017/07/17 23:02:15+00,17487
205001074,Northeast,Nord-est,2006/03/27 11:45:00+00,2017/07/17 23:02:15+00,17488
205001131,Northwest,Nord-ouest,2006/03/27 11:45:00+00,2017/07/17 23:02:15+00,17489
205001148,Northwest,Nord-ouest,2006/03/27 11:45:00+00,2017/07/17 23:02:15+00,17490
205001123,Northwest,Nord-ouest,2006/03/27 11:45:00+00,2017/07/17 23:02:15+00,17491
205001103,Northwest,Nord-ouest,2006/03/27 11:45:00+00,2017/07/17 23:02:15+00,17492
205001054,Southeast,Sud-est,2006/03/27 11:45:00+00,2017/07/17 23:02:15+00,17493
205001167,Northeast,Nord-est,2006/03/27 11:45:00+00,2017/07/17 23:02:15+00,17494
205000210,Northwest,Nord-ouest,2009/03/09 15:05:16+00,2013/09/20 23:12:35+00,13650
205001127,Northwest,Nord-ouest,2006/03/27 11:45:00+00,2017/07/17 23:02:15+00,17495
205001162,Northwest,Nord-ouest,2006/03/27 11:45:00+00,2017/07/17 23:02:15+00,17496
205001177,Central,Centre,2006/03/27 11:45:00+00,2017/07/17 23:02:15+00,17498
205001087,Northwest,Nord-ouest,2006/03/27 11:45:00+00,2017/07/17 23:02:15+00,17499
205001052,Central,Centre,2006/03/27 11:45:00+00,2017/07/17 23:02:15+00,17500
205001110,Northwest,Nord-ouest,2006/03/27 11:45:00+00,2017/07/17 23:02:15+00,17501
205001188,Central,Centre,2006/03/27 11:45:00+00,2017/07/17 23:02:15+00,17502
205001077,Northwest,Nord-ouest,2006/03/27 11:45:00+00,2017/07/17 23:02:15+00,17503
205001173,Northeast,Nord-est,2006/03/27 11:45:00+00,2017/07/17 23:02:15+00,17504
205001117,Northeast,Nord-est,2006/03/27 11:45:00+00,2017/07/17 23:02:15+00,17505
205001119,Northwest,Nord-ouest,2006/03/27 11:45:00+00,2017/07/17 23:02:15+00,17507
205001125,Northwest,Nord-ouest,2006/03/27 11:45:00+00,2017/07/17 23:02:15+00,17508
205001106,Northwest,Nord-ouest,2006/03/27 11:45:00+00,2017/07/17 23:02:15+00,17509
205001168,Northeast,Nord-est,2006/03/27 11:45:00+00,2017/07/17 23:02:15+00,17510
205001153,Northwest,Nord-ouest,2006/03/27 11:45:00+00,2017/07/17 23:02:15+00,17511
205001075,Northwest,Nord-ouest,2006/03/27 11:45:00+00,2017/07/17 23:02:15+00,17512
205001135,Northwest,Nord-ouest,2006/03/27 11:45:00+00,2017/07/17 23:02:15+00,17513
205001055,Northeast,Nord-est,2006/03/27 11:45:00+00,2017/07/17 23:02:15+00,17514
205001082,Northwest,Nord-ouest,2006/03/27 11:45:00+00,2017/07/17 23:02:15+00,17515
205001060,Southeast,Sud-est,2006/03/27 11:45:00+00,2017/07/17 23:02:15+00,17516
205001169,Northeast,Nord-est,2006/03/27 11:45:00+00,2017/07/17 23:02:15+00,17517
108313515,Northeast,Nord-est,2014/06/19 09:36:04+00,2017/07/17 23:02:15+00,17518
205001091,Northwest,Nord-ouest,2006/03/27 11:45:00+00,2017/07/17 23:02:15+00,17519
205001146,Northwest,Nord-ouest,2006/03/27 11:45:00+00,2017/07/17 23:02:15+00,17520
205001185,Central,Centre,2006/03/27 11:45:00+00,2017/07/17 23:02:15+00,17521
205001084,Northwest,Nord-ouest,2006/03/27 11:45:00+00,2017/07/17 23:02:15+00,17522
205001093,Northeast,Nord-est,2006/03/27 11:45:00+00,2017/07/17 23:02:15+00,17523
205001051,Northeast,Nord-est,2006/03/27 11:45:00+00,2017/07/17 23:02:15+00,17524
205001132,Northwest,Nord-ouest,2006/03/27 11:45:00+00,2017/07/17 23:02:15+00,17525
205001081,Northwest,Nord-ouest,2006/03/27 11:45:00+00,2017/07/17 23:02:15+00,17526
205001118,Northwest,Nord-ouest,2006/03/27 11:45:00+00,2017/07/17 23:02:15+00,17527
205001097,Northwest,Nord-ouest,2006/03/27 11:45:00+00,2017/07/17 23:02:15+00,17529
205001107,Northwest,Nord-ouest,2006/03/27 11:45:00+00,2017/07/17 23:02:15+00,17530
205001126,Northwest,Nord-ouest,2006/03/27 11:45:00+00,2017/07/17 23:02:15+00,17531
205001090,Northwest,Nord-ouest,2006/03/27 11:45:00+00,2017/07/17 23:02:15+00,17532
205001078,Northwest,Nord-ouest,2006/03/27 11:45:00+00,2017/07/17 23:02:15+00,17533
205001099,Northeast,Nord-est,2006/03/27 11:45:00+00,2017/07/17 23:02:15+00,17535
205001105,Northwest,Nord-ouest,2006/03/27 11:45:00+00,2017/07/17 23:02:15+00,17536
205001122,Northwest,Nord-ouest,2006/03/27 11:45:00+00,2017/07/17 23:02:15+00,17538
205001134,Northwest,Nord-ouest,2006/03/27 11:45:00+00,2017/07/17 23:02:15+00,17539
205001143,Northwest,Nord-ouest,2006/03/27 11:45:00+00,2017/07/17 23:02:15+00,17541
205001142,Northwest,Nord-ouest,2006/03/27 11:45:00+00,2017/07/17 23:02:15+00,17542
205001166,Northwest,Nord-ouest,2006/03/27 11:45:00+00,2017/07/17 23:02:15+00,17543
205001072,Northwest,Nord-ouest,2006/03/27 11:45:00+00,2017/07/17 23:02:15+00,17544
205001064,Northwest,Nord-ouest,2006/03/27 11:45:00+00,2017/07/17 23:02:15+00,17545
205001157,Northwest,Nord-ouest,2006/03/27 11:45:00+00,2017/07/17 23:02:15+00,17546
205001053,Northeast,Nord-est,2006/03/27 11:45:00+00,2017/07/17 23:02:15+00,17547
205001101,Northwest,Nord-ouest,2006/03/27 11:45:00+00,2017/07/17 23:02:15+00,17548
68650449,Northwest,Nord-ouest,2009/03/18 10:34:14+00,2020/12/18 22:11:56+00,20689
68650453,Northwest,Nord-ouest,2009/03/27 14:32:09+00,2020/12/18 22:11:56+00,20690
70757284,Southeast,Sud-ouest,2011/03/18 14:16:20+00,2020/12/09 22:16:56+00,20669
71341386,Northeast,Nord-est,2020/10/29 13:29:34+00,2020/12/18 22:11:56+00,20691
125495166,Northwest,Nord-ouest,2020/10/27 10:25:41+00,2020/12/18 22:11:56+00,20692
205000469,Northeast,Nord-est,2020/10/26 13:55:00+00,2020/12/18 22:11:56+00,20693
68650454,Northwest,Nord-ouest,2009/03/24 13:55:09+00,2020/12/18 22:11:56+00,20694
68650451,Northwest,Nord-ouest,2009/03/18 11:02:23+00,2020/12/18 22:11:56+00,20695
70666272,Northwest,Nord-ouest,2014/06/30 14:46:10+00,2020/12/18 22:11:56+00,20696
71341385,Northeast,Nord-est,2020/10/29 09:56:20+00,2020/12/18 22:11:56+00,20697
70666266,Northwest,Nord-ouest,2014/06/27 10:54:32+00,2020/12/18 22:11:56+00,20698
70666293,Northwest,Nord-ouest,2014/07/15 10:10:51+00,2020/12/18 22:11:56+00,20699
129139390,Northwest,Nord-ouest,2020/09/22 15:29:22+00,2020/12/18 22:11:56+00,20700
71341382,Northeast,Nord-est,2020/10/26 10:34:36+00,2020/12/18 22:11:56+00,20701
68650452,Northwest,Nord-ouest,2009/03/19 14:23:10+00,2020/12/18 22:11:56+00,20702
123813492,Northwest,Nord-ouest,2018/06/27 16:07:01+00,2020/09/03 22:16:56+00,20369
205001140,Northwest,Nord-ouest,2006/03/27 11:45:00+00,2020/11/18 23:41:56+00,20589
205000112,Southeast,Sud-est,2009/03/04 15:45:38+00,2020/08/18 22:11:56+00,20066
205000111,Northeast,Nord-est,2009/03/04 15:31:40+00,2020/08/18 22:11:56+00,20067
205000110,Northeast,Nord-est,2009/03/04 15:29:36+00,2020/08/18 22:11:56+00,20068
205000109,Northeast,Nord-est,2009/03/04 15:26:33+00,2020/08/18 22:11:56+00,20069
205000175,Northwest,Nord-ouest,2009/03/09 13:55:57+00,2020/08/18 22:11:56+00,20070
205000108,Northeast,Nord-est,2009/03/04 15:25:24+00,2020/08/18 22:11:56+00,20071
205000172,Northwest,Nord-ouest,2009/03/09 13:52:04+00,2020/08/18 22:11:56+00,20072
205000107,Northeast,Nord-est,2009/03/04 15:24:36+00,2020/08/18 22:11:56+00,20073
205000106,Southeast,Sud-est,2009/03/04 15:17:25+00,2020/08/18 22:11:56+00,20074
205000105,Northeast,Nord-est,2009/03/04 15:13:51+00,2020/08/18 22:11:56+00,20075
205000104,Northeast,Nord-est,2009/03/04 15:12:53+00,2020/08/18 22:11:56+00,20076
205000103,Northeast,Nord-est,2009/03/04 15:11:19+00,2020/08/18 22:11:56+00,20077
205000102,Northeast,Nord-est,2009/03/04 15:00:51+00,2020/08/18 22:11:56+00,20078
205000101,Northeast,Nord-est,2009/03/04 14:57:20+00,2020/08/18 22:11:56+00,20079
205000100,Northeast,Nord-est,2009/03/04 14:54:48+00,2020/08/18 22:11:56+00,20080
205000099,Northeast,Nord-est,2009/03/04 14:52:25+00,2020/08/18 22:11:56+00,20081
205000098,Northeast,Nord-est,2009/03/04 14:48:13+00,2020/08/18 22:11:56+00,20082
70666246,Northwest,Nord-ouest,2014/06/27 09:08:07+00,2020/08/18 22:11:56+00,20083
205000097,Northwest,Nord-ouest,2009/03/04 14:45:37+00,2020/08/18 22:11:56+00,20084
205000096,Northeast,Nord-est,2009/03/04 14:43:44+00,2020/08/18 22:11:56+00,20085
205000095,Northeast,Nord-est,2009/03/04 14:35:54+00,2020/08/18 22:11:56+00,20086
205000094,Northeast,Nord-est,2009/03/04 14:34:17+00,2020/08/18 22:11:56+00,20087
205000166,Northwest,Nord-ouest,2009/03/09 13:34:08+00,2020/08/18 22:11:56+00,20088
205000093,Southeast,Sud-est,2009/03/04 14:32:45+00,2020/08/18 22:11:56+00,20089
205000092,Northeast,Nord-est,2009/03/04 14:13:29+00,2020/08/18 22:11:56+00,20090
205000091,Northeast,Nord-est,2009/03/04 14:12:32+00,2020/08/18 22:11:56+00,20091
205000090,Northeast,Nord-est,2009/03/04 14:11:38+00,2020/08/18 22:11:56+00,20092
205000201,Northeast,Nord-est,2009/03/09 14:32:45+00,2020/08/18 22:11:56+00,20093
205000089,Northeast,Nord-est,2009/03/04 14:09:27+00,2020/08/18 22:11:56+00,20094
205000088,Northeast,Nord-est,2009/03/04 14:08:14+00,2020/08/18 22:11:56+00,20095
205000087,Northeast,Nord-est,2009/03/04 14:07:05+00,2020/08/18 22:11:56+00,20096
205000202,Northwest,Nord-ouest,2009/03/09 14:34:15+00,2020/08/18 22:11:56+00,20097
205000086,Northeast,Nord-est,2009/03/04 14:06:08+00,2020/08/18 22:11:56+00,20098
205000085,Northeast,Nord-est,2009/03/04 14:03:30+00,2020/08/18 22:11:56+00,20099
205000084,Northeast,Nord-est,2009/03/04 14:01:40+00,2020/08/18 22:11:56+00,20100
205000083,Northeast,Nord-est,2009/03/04 14:00:36+00,2020/08/18 22:11:56+00,20101
205000082,Northeast,Nord-est,2009/03/04 13:58:58+00,2020/08/18 22:11:56+00,20102
205000081,Northeast,Nord-est,2009/03/04 13:57:20+00,2020/08/18 22:11:56+00,20103
205000080,Northeast,Nord-est,2009/03/04 13:56:32+00,2020/08/18 22:11:56+00,20104
205000079,Northeast,Nord-est,2009/03/04 13:55:30+00,2020/08/18 22:11:56+00,20105
205000192,Northwest,Nord-ouest,2009/03/09 14:20:50+00,2020/08/18 22:11:56+00,20106
205000077,Northeast,Nord-est,2009/03/04 13:52:39+00,2020/08/18 22:11:56+00,20107
205000076,Northeast,Nord-est,2009/03/04 13:43:03+00,2020/08/18 22:11:56+00,20108
205001190,Northeast,Nord-est,2018/09/10 10:53:45+00,2020/11/27 22:26:56+00,20649
205000074,Northeast,Nord-est,2009/03/04 13:40:08+00,2020/08/18 22:11:56+00,20110
205000073,Northeast,Nord-est,2009/03/04 13:38:59+00,2020/08/18 22:11:56+00,20111
205000072,Northeast,Nord-est,2009/03/04 11:44:45+00,2020/08/18 22:11:56+00,20112
205000071,Northeast,Nord-est,2009/03/04 11:41:38+00,2020/08/18 22:11:56+00,20113
205000070,Northeast,Nord-est,2009/03/04 11:40:30+00,2020/08/18 22:11:56+00,20114
205000069,Northeast,Nord-est,2009/03/04 11:39:19+00,2020/08/18 22:11:56+00,20115
205000068,Northeast,Nord-est,2009/03/04 11:36:43+00,2020/08/18 22:11:56+00,20116
205000067,Northeast,Nord-est,2009/03/04 11:34:27+00,2020/08/18 22:11:56+00,20117
205000010,Central,Centre,2009/02/09 13:41:29+00,2020/08/18 22:11:56+00,20118
205000188,Northwest,Nord-ouest,2009/03/09 14:13:22+00,2020/08/18 22:11:56+00,20119
205000009,Southeast,Sud-est,2009/02/09 13:40:09+00,2020/08/18 22:11:56+00,20120
205000008,Central,Centre,2009/02/09 13:39:07+00,2020/08/18 22:11:56+00,20121
205000007,Central,Centre,2009/02/09 13:37:00+00,2020/08/18 22:11:56+00,20122
205000006,Central,Centre,2009/02/09 13:35:55+00,2020/08/18 22:11:56+00,20123
205000005,Central,Centre,2009/02/09 13:35:09+00,2020/08/18 22:11:56+00,20124
205000004,Central,Centre,2009/02/09 13:34:27+00,2020/08/18 22:11:56+00,20125
205000003,Central,Centre,2009/02/09 13:32:02+00,2020/08/18 22:11:56+00,20126
205000002,Central,Centre,2009/02/09 13:30:49+00,2020/08/18 22:11:56+00,20127
205000001,Southeast,Sud-est,2009/02/09 13:28:44+00,2020/08/18 22:11:56+00,20128
205000176,Northwest,Nord-ouest,2009/03/09 13:57:02+00,2020/08/18 22:11:56+00,20129
205000020,Northeast,Nord-est,2009/02/09 16:24:13+00,2020/08/18 22:11:56+00,20130
205000019,Northeast,Nord-est,2009/02/09 16:20:53+00,2020/08/18 22:11:56+00,20131
205000018,Central,Centre,2009/02/09 16:20:03+00,2020/08/18 22:11:56+00,20132
205000179,Northwest,Nord-ouest,2009/03/09 14:00:53+00,2020/08/18 22:11:56+00,20133
205000017,Northeast,Nord-est,2009/02/09 16:18:52+00,2020/08/18 22:11:56+00,20134
205000016,Central,Centre,2009/02/09 16:16:51+00,2020/08/18 22:11:56+00,20135
205000015,Central,Centre,2009/02/09 15:40:53+00,2020/08/18 22:11:56+00,20136
205000014,Central,Centre,2009/02/09 15:39:49+00,2020/08/18 22:11:56+00,20137
205000013,Central,Centre,2009/02/09 15:38:21+00,2020/08/18 22:11:56+00,20138
205000012,Central,Centre,2009/02/09 15:36:03+00,2020/08/18 22:11:56+00,20139
205000011,Central,Centre,2009/02/09 15:35:07+00,2020/08/18 22:11:56+00,20140
69977162,Northwest,Nord-ouest,2010/03/03 13:48:30+00,2020/08/18 22:11:56+00,20142
68650465,Northwest,Nord-ouest,2009/03/25 10:24:20+00,2020/08/18 22:11:56+00,20143
205000225,Central,Centre,2009/03/12 10:09:48+00,2020/08/18 22:11:56+00,20144
205000250,Central,Centre,2009/03/12 13:04:15+00,2020/08/18 22:11:56+00,20145
205000165,Northwest,Nord-ouest,2009/03/09 13:32:15+00,2020/08/18 22:11:56+00,20146
205000274,Central,Centre,2009/03/12 14:24:25+00,2020/08/18 22:11:56+00,20147
205000271,Central,Centre,2009/03/12 14:21:54+00,2020/08/18 22:11:56+00,20148
205000167,Northwest,Nord-ouest,2009/03/09 13:35:27+00,2020/08/18 22:11:56+00,20149
205000247,Central,Centre,2009/03/12 12:58:06+00,2020/08/18 22:11:56+00,20150
205000507,Northwest,Nord-ouest,2009/03/16 14:15:45+00,2020/08/18 22:11:56+00,20151
205000262,Southeast,Sud-est,2009/03/12 14:00:16+00,2020/08/18 22:11:56+00,20152
205000264,Central,Centre,2009/03/12 14:07:59+00,2020/08/18 22:11:56+00,20153
205000260,Central,Centre,2009/03/12 13:59:16+00,2020/08/18 22:11:56+00,20154
205000204,Northwest,Nord-ouest,2009/03/09 14:37:30+00,2020/08/18 22:11:56+00,20155
205000307,Northeast,Nord-est,2009/03/16 10:03:04+00,2020/08/18 22:11:56+00,20156
205000075,Northeast,Nord-est,2009/03/04 13:41:41+00,2020/10/28 22:21:56+00,20489
112135053,Southeast,Sud-est,2016/06/01 14:21:18+00,2020/11/27 22:26:56+00,20650
205000501,Northwest,Nord-ouest,2009/03/16 14:11:31+00,2020/08/18 22:11:56+00,20157
205000246,Southeast,Sud-est,2009/03/12 12:57:01+00,2020/08/18 22:11:56+00,20158
71217328,Southwest,Sud-ouest,2011/04/05 15:31:09+00,2020/11/27 22:26:56+00,20651
70334757,Northwest,Nord-ouest,2021/01/12 11:37:13+00,2021/01/12 22:21:56+00,20709
205000245,Central,Centre,2009/03/12 12:55:20+00,2020/08/18 22:11:56+00,20159
205000164,Northwest,Nord-ouest,2009/03/09 11:11:36+00,2020/08/18 22:11:56+00,20160
205000265,Central,Centre,2009/03/12 14:12:10+00,2020/08/18 22:11:56+00,20161
205000514,Southeast,Sud-est,2009/03/16 14:21:14+00,2020/08/18 22:11:56+00,20162
205000217,Northwest,Nord-ouest,2009/03/12 09:13:10+00,2020/08/18 22:11:56+00,20163
205000304,Northeast,Nord-est,2009/03/16 09:59:37+00,2020/08/18 22:11:56+00,20164
205000190,Northwest,Nord-ouest,2009/03/09 14:15:21+00,2020/08/18 22:11:56+00,20165
205000285,Central,Centre,2009/03/12 14:54:12+00,2020/08/18 22:11:56+00,20166
205000267,Central,Centre,2009/03/12 14:17:39+00,2020/08/18 22:11:56+00,20167
205000269,Central,Centre,2009/03/12 14:19:54+00,2020/08/18 22:11:56+00,20168
205000197,Southeast,Sud-est,2009/03/09 14:29:32+00,2020/08/18 22:11:56+00,20169
110209268,Southeast,Sud-est,2016/10/06 15:52:15+00,2021/05/05 22:14:25+00,20729
205000276,Central,Centre,2009/03/12 14:29:12+00,2020/08/18 22:11:56+00,20171
205000240,Northeast,Nord-est,2009/03/12 11:14:38+00,2020/08/18 22:11:56+00,20172
205000218,Northwest,Nord-ouest,2009/03/12 09:14:11+00,2020/08/18 22:11:56+00,20173
205000242,Central,Centre,2009/03/12 11:25:16+00,2020/08/18 22:11:56+00,20174
205000252,Central,Centre,2009/03/12 13:37:01+00,2020/08/18 22:11:56+00,20175
205000296,Northeast,Nord-est,2009/03/12 15:24:41+00,2020/08/18 22:11:56+00,20176
205000266,Central,Centre,2009/03/12 14:16:45+00,2020/08/18 22:11:56+00,20177
205000184,Northwest,Nord-ouest,2009/03/09 14:06:39+00,2020/08/18 22:11:56+00,20178
205000289,Central,Centre,2009/03/12 15:02:40+00,2020/08/18 22:11:56+00,20179
205000305,Northeast,Nord-est,2009/03/16 10:01:05+00,2020/08/18 22:11:56+00,20180
205000302,Northeast,Nord-est,2009/03/12 15:31:17+00,2020/08/18 22:11:56+00,20181
205000297,Northeast,Nord-est,2009/03/12 15:25:47+00,2020/08/18 22:11:56+00,20182
205000255,Central,Centre,2009/03/12 13:48:36+00,2020/08/18 22:11:56+00,20183
205000511,Northwest,Nord-ouest,2009/03/16 14:18:19+00,2020/08/18 22:11:56+00,20184
205000239,Central,Centre,2009/03/12 11:09:22+00,2020/08/18 22:11:56+00,20185
205000290,Central,Centre,2009/03/12 15:04:16+00,2020/08/18 22:11:56+00,20186
205000298,Northeast,Nord-est,2009/03/12 15:26:44+00,2020/08/18 22:11:56+00,20187
70758289,Southeast,Sud-ouest,2011/03/21 15:22:53+00,2022/01/26 12:04:25+00,20809
205000295,Northeast,Nord-est,2009/03/12 15:22:45+00,2020/08/18 22:11:56+00,20188
205000508,Northwest,Nord-ouest,2009/03/16 14:16:32+00,2020/08/18 22:11:56+00,20189
205000516,Northeast,Nord-est,2009/03/16 14:22:24+00,2020/08/18 22:11:56+00,20190
205000449,Northeast,Nord-est,2009/03/16 10:12:50+00,2020/08/18 22:11:56+00,20191
205000502,Northwest,Nord-ouest,2009/03/16 14:12:27+00,2020/08/18 22:11:56+00,20192
205000178,Northwest,Nord-ouest,2009/03/09 13:59:25+00,2020/08/18 22:11:56+00,20193
205000268,Central,Centre,2009/03/12 14:18:39+00,2020/08/18 22:11:56+00,20194
205000280,Central,Centre,2009/03/12 14:46:38+00,2020/08/18 22:11:56+00,20195
205000291,Central,Centre,2009/03/12 15:05:21+00,2020/08/18 22:11:56+00,20196
205054612,Northwest,Nord-ouest,2009/03/16 13:56:23+00,2020/08/18 22:11:56+00,20197
205000293,Northeast,Nord-est,2009/03/12 15:19:27+00,2020/08/18 22:11:56+00,20198
205000248,Central,Centre,2009/03/12 12:59:10+00,2020/08/18 22:11:56+00,20199
205000513,Northeast,Nord-est,2009/03/16 14:20:28+00,2020/08/18 22:11:56+00,20200
107102685,Northwest,Nord-ouest,2014/06/02 16:12:51+00,2020/08/18 22:11:56+00,20201
205000236,Central,Centre,2009/03/12 10:36:29+00,2020/08/18 22:11:56+00,20202
205000273,Central,Centre,2009/03/12 14:23:25+00,2020/08/18 22:11:56+00,20203
108590231,Northwest,Nord-ouest,2017/08/14 11:51:53+00,2020/08/18 22:11:56+00,20204
205000224,Northwest,Nord-ouest,2009/03/12 10:08:45+00,2020/08/18 22:11:56+00,20205
205000254,Central,Centre,2009/03/12 13:47:02+00,2020/08/18 22:11:56+00,20206
205000174,Northwest,Nord-ouest,2009/03/09 13:54:01+00,2020/08/18 22:11:56+00,20207
205000462,Northwest,Nord-ouest,2009/03/16 10:27:08+00,2020/08/18 22:11:56+00,20208
205000171,Northwest,Nord-ouest,2009/03/09 13:44:38+00,2020/08/18 22:11:56+00,20209
205000463,Northwest,Nord-ouest,2009/03/16 10:28:08+00,2020/08/18 22:11:56+00,20210
205000258,Southeast,Sud-est,2009/03/12 13:53:12+00,2020/08/18 22:11:56+00,20211
205000303,Northeast,Nord-est,2009/03/16 09:58:37+00,2020/08/18 22:11:56+00,20212
205000299,Northeast,Nord-est,2009/03/12 15:27:51+00,2020/08/18 22:11:56+00,20213
205000194,Northwest,Nord-ouest,2009/03/09 14:24:33+00,2020/08/18 22:11:56+00,20214
205001184,Northeast,Nord-est,2020/11/12 14:07:04+00,2020/11/12 22:21:56+00,20569
205001069,Northwest,Nord-ouest,2006/03/27 11:45:00+00,2020/11/23 22:31:56+00,20609
205000249,Central,Centre,2009/03/12 13:03:14+00,2020/08/18 22:11:56+00,20217
205000444,Southeast,Sud-est,2009/03/16 10:07:37+00,2020/08/18 22:11:56+00,20218
205000259,Central,Centre,2009/03/12 13:58:08+00,2020/08/18 22:11:56+00,20219
205000284,Central,Centre,2009/03/12 14:51:57+00,2020/08/18 22:11:56+00,20220
205000279,Central,Centre,2009/03/12 14:35:32+00,2020/08/18 22:11:56+00,20221
205000263,Central,Centre,2009/03/12 14:07:04+00,2020/08/18 22:11:56+00,20222
205000272,Central,Centre,2009/03/12 14:22:41+00,2020/08/18 22:11:56+00,20223
205000458,Northeast,Nord-est,2009/03/16 10:22:44+00,2020/08/18 22:11:56+00,20224
205000472,Northwest,Nord-ouest,2009/03/16 10:33:12+00,2020/08/18 22:11:56+00,20225
205000294,Northeast,Nord-est,2009/03/12 15:20:40+00,2020/08/18 22:11:56+00,20226
205000193,Northwest,Nord-ouest,2009/03/09 14:23:44+00,2020/08/18 22:11:56+00,20227
205000238,Central,Centre,2009/03/12 11:07:56+00,2020/08/18 22:11:56+00,20228
205000287,Central,Centre,2009/03/12 14:58:12+00,2020/08/18 22:11:56+00,20229
205000230,Central,Centre,2009/03/12 10:18:49+00,2020/08/18 22:11:56+00,20230
205000256,Central,Centre,2009/03/12 13:50:21+00,2020/08/18 22:11:56+00,20231
205000234,Southeast,Sud-est,2009/03/12 10:34:24+00,2020/08/18 22:11:56+00,20232
205000292,Northeast,Nord-est,2009/03/12 15:18:23+00,2020/08/18 22:11:56+00,20233
205000235,Central,Centre,2009/03/12 10:35:39+00,2020/08/18 22:11:56+00,20234
205000243,Northeast,Nord-est,2009/03/12 11:29:29+00,2020/08/18 22:11:56+00,20235
205000459,Northwest,Nord-ouest,2009/03/16 10:24:52+00,2020/08/18 22:11:56+00,20236
205000244,Central,Centre,2009/03/12 11:32:24+00,2020/08/18 22:11:56+00,20237
205000512,Northeast,Nord-est,2009/03/16 14:19:32+00,2020/08/18 22:11:56+00,20238
205000189,Northwest,Nord-ouest,2009/03/09 14:14:20+00,2020/08/18 22:11:56+00,20239
205000445,Northeast,Nord-est,2009/03/16 10:08:38+00,2020/08/18 22:11:56+00,20240
205000281,Central,Centre,2009/03/12 14:48:20+00,2020/08/18 22:11:56+00,20241
205000301,Northeast,Nord-est,2009/03/12 15:29:59+00,2020/08/18 22:11:56+00,20242
205000270,Central,Centre,2009/03/12 14:20:48+00,2020/08/18 22:11:56+00,20243
205000283,Central,Centre,2009/03/12 14:51:09+00,2020/08/18 22:11:56+00,20244
67586408,Northeast,Nord-est,2009/03/16 10:13:46+00,2020/08/18 22:11:56+00,20245
205001186,Southeast,Sud-est,2006/03/27 11:45:00+00,2020/11/23 22:31:56+00,20610
205000286,Central,Centre,2009/03/12 14:57:09+00,2020/08/18 22:11:56+00,20248
205000300,Northeast,Nord-est,2009/03/12 15:28:46+00,2020/08/18 22:11:56+00,20249
205000177,Northwest,Nord-ouest,2009/03/09 13:58:19+00,2020/08/18 22:11:56+00,20250
205000306,Northeast,Nord-est,2009/03/16 10:02:11+00,2020/08/18 22:11:56+00,20251
205000163,Northwest,Nord-ouest,2009/03/09 11:10:21+00,2020/08/18 22:11:56+00,20252
205000063,Northeast,Nord-est,2009/02/18 15:49:46+00,2020/08/18 22:11:56+00,20264
205000253,Central,Centre,2009/03/12 13:42:09+00,2020/08/18 22:11:56+00,20253
205000062,Northeast,Nord-est,2009/02/18 15:48:40+00,2020/08/18 22:11:56+00,20265
205000061,Northeast,Nord-est,2009/02/18 15:47:25+00,2020/08/18 22:11:56+00,20266
205000510,Northwest,Nord-ouest,2009/03/16 14:17:24+00,2020/08/18 22:11:56+00,20254
205000182,Northwest,Nord-ouest,2009/03/09 14:04:35+00,2020/08/18 22:11:56+00,20255
205000282,Central,Centre,2009/03/12 14:49:10+00,2020/08/18 22:11:56+00,20256
205000277,Central,Centre,2009/03/12 14:32:59+00,2020/08/18 22:11:56+00,20257
205000275,Central,Centre,2009/03/12 14:27:52+00,2020/08/18 22:11:56+00,20258
205000278,Central,Centre,2009/03/12 14:33:53+00,2020/08/18 22:11:56+00,20259
205000060,Northeast,Nord-est,2009/02/18 15:46:12+00,2020/08/18 22:11:56+00,20267
205000288,Central,Centre,2009/03/12 15:01:54+00,2020/08/18 22:11:56+00,20260
205000065,Northeast,Nord-est,2009/02/18 15:52:14+00,2020/08/18 22:11:56+00,20261
205000064,Northeast,Nord-est,2009/02/18 15:50:57+00,2020/08/18 22:11:56+00,20262
205000170,Northwest,Nord-ouest,2009/03/09 13:41:17+00,2020/08/18 22:11:56+00,20268
205000059,Northeast,Nord-est,2009/02/18 15:33:42+00,2020/08/18 22:11:56+00,20269
205000058,Northeast,Nord-est,2009/02/18 15:32:15+00,2020/08/18 22:11:56+00,20270
205000057,Northeast,Nord-est,2009/02/18 15:31:11+00,2020/08/18 22:11:56+00,20271
205000056,Northeast,Nord-est,2009/02/18 15:30:05+00,2020/08/18 22:11:56+00,20272
205000055,Northeast,Nord-est,2009/02/18 15:28:46+00,2020/08/18 22:11:56+00,20273
205000054,Northeast,Nord-est,2009/02/18 15:11:28+00,2020/08/18 22:11:56+00,20274
205000052,Northeast,Nord-est,2009/02/18 15:05:47+00,2020/08/18 22:11:56+00,20275
107102684,Northeast,Nord-est,2014/06/02 11:16:59+00,2020/08/18 22:11:56+00,20276
205000051,Northeast,Nord-est,2009/02/18 15:04:52+00,2020/08/18 22:11:56+00,20277
205000050,Northeast,Nord-est,2009/02/18 15:03:45+00,2020/08/18 22:11:56+00,20278
205000049,Northeast,Nord-est,2009/02/18 15:02:34+00,2020/08/18 22:11:56+00,20279
205000048,Northeast,Nord-est,2009/02/18 15:01:14+00,2020/08/18 22:11:56+00,20280
205000046,Northeast,Nord-est,2009/02/18 15:00:04+00,2020/08/18 22:11:56+00,20281
205000045,Northeast,Nord-est,2009/02/18 14:23:31+00,2020/08/18 22:11:56+00,20282
205000043,Northeast,Nord-est,2009/02/18 14:22:08+00,2020/08/18 22:11:56+00,20283
205000042,Northeast,Nord-est,2009/02/18 14:16:48+00,2020/08/18 22:11:56+00,20284
205000195,Northwest,Nord-ouest,2009/03/09 14:25:36+00,2020/08/18 22:11:56+00,20285
205000041,Northeast,Nord-est,2009/02/18 14:03:40+00,2020/08/18 22:11:56+00,20286
205000040,Northeast,Nord-est,2009/02/18 14:02:29+00,2020/08/18 22:11:56+00,20287
205000039,Northeast,Nord-est,2009/02/18 14:01:16+00,2020/08/18 22:11:56+00,20288
205000038,Northeast,Nord-est,2009/02/18 14:00:12+00,2020/08/18 22:11:56+00,20289
205000037,Central,Centre,2009/02/18 13:58:58+00,2020/08/18 22:11:56+00,20290
205000200,Northwest,Nord-ouest,2009/03/09 14:31:33+00,2020/08/18 22:11:56+00,20291
205000036,Northeast,Nord-est,2009/02/18 13:52:20+00,2020/08/18 22:11:56+00,20292
205000035,Northeast,Nord-est,2009/02/18 13:49:57+00,2020/08/18 22:11:56+00,20293
205000034,Northeast,Nord-est,2009/02/18 13:48:34+00,2020/08/18 22:11:56+00,20294
205000033,Northeast,Nord-est,2009/02/18 13:46:50+00,2020/08/18 22:11:56+00,20295
205000032,Northeast,Nord-est,2009/02/18 13:37:27+00,2020/08/18 22:11:56+00,20296
205000031,Northeast,Nord-est,2009/02/18 12:46:59+00,2020/08/18 22:11:56+00,20297
205000030,Northeast,Nord-est,2009/02/18 12:40:07+00,2020/08/18 22:11:56+00,20298
205000029,Northeast,Nord-est,2009/02/18 11:59:02+00,2020/08/18 22:11:56+00,20299
205000183,Northwest,Nord-ouest,2009/03/09 14:05:37+00,2020/08/18 22:11:56+00,20300
205000028,Northeast,Nord-est,2009/02/18 11:57:16+00,2020/08/18 22:11:56+00,20301
205000027,Northeast,Nord-est,2009/02/18 11:46:45+00,2020/08/18 22:11:56+00,20302
205000026,Northeast,Nord-est,2009/02/18 11:45:16+00,2020/08/18 22:11:56+00,20303
205000025,Northeast,Nord-est,2009/02/18 11:41:52+00,2020/08/18 22:11:56+00,20304
205000024,Southeast,Sud-est,2009/02/18 11:28:00+00,2020/08/18 22:11:56+00,20305
205000022,Northeast,Nord-est,2009/02/18 11:13:06+00,2020/08/18 22:11:56+00,20306
205000213,Northeast,Nord-est,2009/03/09 15:10:37+00,2020/08/25 22:26:56+00,20309
205000212,Northeast,Nord-est,2009/03/09 15:09:39+00,2020/08/25 22:26:56+00,20310
205001183,Central,Centre,2006/03/27 11:45:00+00,2020/11/23 22:31:56+00,20611
205000142,Northwest,Nord-ouest,2009/03/09 10:42:40+00,2020/08/31 22:41:56+00,20329
128503955,Northwest,Nord-ouest,2020/07/31 09:54:38+00,2020/08/31 22:41:56+00,20330
71186301,Southwest,Sud-ouest,2011/03/29 11:55:00+00,2020/11/26 22:11:56+00,20629
205001066,Northwest,Nord-ouest,2006/03/27 11:45:00+00,2020/11/26 22:11:56+00,20630
70756328,Southeast,Nord-ouest,2011/02/22 11:32:14+00,2020/11/26 22:11:56+00,20631
142967632,Northeast,Nord-est,2021/07/22 14:52:37+00,2021/07/22 22:29:25+00,20749
205000476,Northeast,Nord-est,2009/03/16 10:35:04+00,2021/07/22 22:29:25+00,20750
70756107,Southeast,Nord-ouest,2011/02/22 11:21:22+00,2021/12/21 10:59:25+00,20791
127691694,Southeast,Sud-est,2020/09/10 10:53:40+00,2020/09/10 21:56:56+00,20389
